,payload_id,payload_type,cap_serial,cargo_manifest,customers,flight_time_sec,manufacturer,mass_returned_kg,nationality,norad_id,orbit,orbit_params,payload_mass_kg,reused
0,FalconSAT-2,Satellite,,,['DARPA'],,SSTL,,United States,[],LEO,"{'reference_system': 'geocentric', 'regime': 'low-earth', 'longitude': None, 'semi_major_axis_km': None, 'eccentricity': None, 'periapsis_km': 400, 'apoapsis_km': 500, 'inclination_deg': 39, 'period_min': None, 'lifespan_years': None, 'epoch': None, 'mean_motion': None, 'raan': None, 'arg_of_pericenter': None, 'mean_anomaly': None}",20.0,False
1,DemoSAT,Satellite,,,['DARPA'],,SpaceX,,United States,[],LEO,"{'reference_system': 'geocentric', 'regime': 'low-earth', 'longitude': None, 'semi_major_axis_km': None, 'eccentricity': None, 'periapsis_km': None, 'apoapsis_km': None, 'inclination_deg': None, 'period_min': None, 'lifespan_years': None, 'epoch': None, 'mean_motion': None, 'raan': None, 'arg_of_pericenter': None, 'mean_anomaly': None}",,False
2,Trailblazer,Satellite,,,['NASA'],,Space Dev,,United States,[],LEO,"{'reference_system': 'geocentric', 'regime': 'low-earth', 'longitude': None, 'semi_major_axis_km': None, 'eccentricity': None, 'periapsis_km': None, 'apoapsis_km': None, 'inclination_deg': None, 'period_min': None, 'lifespan_years': None, 'epoch': None, 'mean_motion': None, 'raan': None, 'arg_of_pericenter': None, 'mean_anomaly': None}",,False
3,PRESat,Satellite,,,['ORS'],,,,United States,[],LEO,"{'reference_system': 'geocentric', 'regime': 'low-earth', 'longitude': None, 'semi_major_axis_km': None, 'eccentricity': None, 'periapsis_km': None, 'apoapsis_km': None, 'inclination_deg': None, 'period_min': None, 'lifespan_years': None, 'epoch': None, 'mean_motion': None, 'raan': None, 'arg_of_pericenter': None, 'mean_anomaly': None}",,False
4,RatSat,Satellite,,,['SpaceX'],,SpaceX,,United States,[33393],LEO,"{'reference_system': 'geocentric', 'regime': 'low-earth', 'longitude': None, 'lifespan_years': None, 'epoch': '2019-12-18T11:26:38.000Z', 'mean_motion': 14.84788554, 'raan': 358.0645, 'semi_major_axis_km': 6992.386, 'eccentricity': 0.0013397, 'periapsis_km': 604.883, 'apoapsis_km': 623.619, 'inclination_deg': 9.3477, 'period_min': 96.983, 'arg_of_pericenter': 305.6288, 'mean_anomaly': 54.2664}",165.0,False
5,RazakSAT,Satellite,,,['ATSB'],,Satrec,,Malaysia,[35578],LEO,"{'reference_system': 'geocentric', 'regime': 'low-earth', 'longitude': None, 'semi_major_axis_km': 7049.048, 'eccentricity': 0.0017003, 'periapsis_km': 658.928, 'apoapsis_km': 682.899, 'inclination_deg': 8.9859, 'period_min': 98.164, 'lifespan_years': None, 'epoch': '2019-12-19T01:12:19.000Z', 'mean_motion': 14.66921876, 'raan': 181.8919, 'arg_of_pericenter': 307.6936, 'mean_anomaly': 52.1713}",200.0,False
6,Dragon Qualification Unit,Dragon Boilerplate,,,['SpaceX'],,SpaceX,,United States,[36595],LEO,"{'reference_system': 'geocentric', 'regime': 'low-earth', 'longitude': None, 'semi_major_axis_km': 6634.458, 'eccentricity': 0.0030715, 'periapsis_km': 235.945, 'apoapsis_km': 276.701, 'inclination_deg': 34.5005, 'period_min': 89.632, 'lifespan_years': None, 'epoch': '2010-06-04T20:04:51.000Z', 'mean_motion': 16.06552645, 'raan': 41.2862, 'arg_of_pericenter': 213.759, 'mean_anomaly': 146.1185}",,False
7,COTS Demo Flight 1,Dragon 1.0,C101,,['NASA(COTS)'],,SpaceX,,United States,[37244],LEO,"{'reference_system': 'geocentric', 'regime': 'low-earth', 'longitude': None, 'semi_major_axis_km': 6672.063, 'eccentricity': 0.0021812, 'periapsis_km': 279.375, 'apoapsis_km': 308.481, 'inclination_deg': 34.5447, 'period_min': 90.396, 'lifespan_years': None, 'epoch': '2010-12-08T15:34:03.000Z', 'mean_motion': 15.9298967, 'raan': 180.7668, 'arg_of_pericenter': 225.2707, 'mean_anomaly': 136.6556}",,False
8,Cubesats,Satellite,,,['NRO'],,,,,[],LEO,"{'reference_system': 'geocentric', 'regime': 'low-earth', 'longitude': None, 'semi_major_axis_km': None, 'eccentricity': None, 'periapsis_km': None, 'apoapsis_km': None, 'inclination_deg': None, 'period_min': None, 'lifespan_years': 0, 'epoch': None, 'mean_motion': None, 'raan': None, 'arg_of_pericenter': None, 'mean_anomaly': None}",,False
9,COTS Demo Flight 2,Dragon 1.0,C102,,['NASA(COTS)'],806400.0,SpaceX,,United States,[38348],LEO,"{'reference_system': 'geocentric', 'regime': 'low-earth', 'longitude': None, 'semi_major_axis_km': 6711.684, 'eccentricity': 0.0057963, 'periapsis_km': 294.646, 'apoapsis_km': 372.452, 'inclination_deg': 51.6726, 'period_min': 91.202, 'lifespan_years': None, 'epoch': '2012-05-22T09:12:31.000Z', 'mean_motion': 15.78904505, 'raan': 251.5418, 'arg_of_pericenter': 331.7079, 'mean_anomaly': 31.2745}",525.0,False
10,CRS-1,Dragon 1.0,C103,https://en.wikipedia.org/wiki/SpaceX_CRS-1#Payload,['NASA (CRS)'],1728000.0,SpaceX,905.0,United States,[38846],ISS,"{'reference_system': 'geocentric', 'regime': 'low-earth', 'longitude': None, 'semi_major_axis_km': 6643.164, 'eccentricity': 0.0092222, 'periapsis_km': 203.764, 'apoapsis_km': 326.293, 'inclination_deg': 51.6539, 'period_min': 89.809, 'lifespan_years': None, 'epoch': '2012-10-08T00:31:33.000Z', 'mean_motion': 16.03395683, 'raan': 281.4248, 'arg_of_pericenter': 54.4728, 'mean_anomaly': 306.4841}",400.0,False
11,Orbcomm-OG2,Dragon 1.0,,,['Orbcomm'],,,,,[],LEO,"{'reference_system': 'geocentric', 'regime': 'low-earth', 'longitude': None, 'semi_major_axis_km': None, 'eccentricity': None, 'periapsis_km': None, 'apoapsis_km': None, 'inclination_deg': 45, 'period_min': None, 'lifespan_years': 5, 'epoch': None, 'mean_motion': None, 'raan': None}",400.0,False
12,CRS-2,Dragon 1.0,C104,https://en.wikipedia.org/wiki/SpaceX_CRS-2#Payload,['NASA (CRS)'],2160000.0,SpaceX,1370.0,United States,[39115],ISS,"{'reference_system': 'geocentric', 'regime': 'low-earth', 'longitude': None, 'semi_major_axis_km': 6640.79, 'eccentricity': 0.0089419, 'periapsis_km': 203.274, 'apoapsis_km': 322.036, 'inclination_deg': 51.6797, 'period_min': 89.761, 'lifespan_years': None, 'epoch': '2013-03-01T20:19:32.000Z', 'mean_motion': 16.04255447, 'raan': 281.5076, 'arg_of_pericenter': 50.5296, 'mean_anomaly': 127.2881}",677.0,False
13,CASSIOPE,Satellite,,,['MDA'],,MDA,,Canada,[39265],PO,"{'reference_system': 'geocentric', 'regime': 'low-earth', 'longitude': None, 'semi_major_axis_km': 7174.545, 'eccentricity': 0.0664829, 'periapsis_km': 319.426, 'apoapsis_km': 1273.395, 'inclination_deg': 80.9667, 'period_min': 100.797, 'lifespan_years': 2, 'epoch': '2019-12-19T00:53:00.000Z', 'mean_motion': 14.28601668, 'raan': 143.9329, 'arg_of_pericenter': 112.7952, 'mean_anomaly': 254.4848}",500.0,False
14,SES-8,Satellite,,,['SES'],,Orbital ATK,,Luxembourg,[39460],GTO,"{'reference_system': 'geocentric', 'regime': 'geostationary', 'longitude': 95, 'semi_major_axis_km': 42163.348, 'eccentricity': 8.32e-05, 'periapsis_km': 35781.705, 'apoapsis_km': 35788.721, 'inclination_deg': 0.0348, 'period_min': 1436.026, 'lifespan_years': 15, 'epoch': '2019-12-18T21:18:43.000Z', 'mean_motion': 1.0027672, 'raan': 250.7937, 'arg_of_pericenter': 19.6958, 'mean_anomaly': 231.3853}",3170.0,False
15,Thaicom 6,Satellite,,,['Thaicom'],,Orbital ATK,,Thailand,[39500],GTO,"{'reference_system': 'geocentric', 'regime': 'geostationary', 'longitude': 78.5, 'semi_major_axis_km': 42164.715, 'eccentricity': 0.0001897, 'periapsis_km': 35778.581, 'apoapsis_km': 35794.579, 'inclination_deg': 0.0845, 'period_min': 1436.096, 'lifespan_years': 15, 'epoch': '2019-12-19T11:00:58.000Z', 'mean_motion': 1.00271844, 'raan': 119.7839, 'arg_of_pericenter': 110.2951, 'mean_anomaly': 101.4505}",3325.0,False
16,CRS-3,Dragon 1.1,C105,https://en.wikipedia.org/wiki/SpaceX_CRS-3#Primary_payload_and_downmass,['NASA (CRS)'],2592000.0,SpaceX,1600.0,United States,[39680],ISS,"{'reference_system': 'geocentric', 'regime': 'low-earth', 'longitude': None, 'semi_major_axis_km': 6700.881, 'eccentricity': 0.0013819, 'periapsis_km': 313.486, 'apoapsis_km': 332.006, 'inclination_deg': 51.6429, 'period_min': 90.982, 'lifespan_years': None, 'epoch': '2014-04-18T19:40:03.000Z', 'mean_motion': 15.82724147, 'raan': 34.0918, 'arg_of_pericenter': 268.425, 'mean_anomaly': 162.2575}",2296.0,False
17,Orbcomm-OG2-M1,Satellite,,,['Orbcomm'],,Boeing,,United States,[38847],LEO,"{'reference_system': 'geocentric', 'regime': 'low-earth', 'longitude': None, 'semi_major_axis_km': 6641.01, 'eccentricity': 0.0090712, 'periapsis_km': 202.633, 'apoapsis_km': 323.117, 'inclination_deg': 51.6528, 'period_min': 89.765, 'lifespan_years': 5, 'epoch': '2012-10-08T03:42:59.000Z', 'mean_motion': 16.04175555, 'raan': 280.7278, 'arg_of_pericenter': 54.0639, 'mean_anomaly': 355.0595}",1316.0,False
18,AsiaSat 8,Satellite,,,['AsiaSat'],,SSL,,Hong Kong,[40107],GTO,"{'reference_system': 'geocentric', 'regime': 'geostationary', 'longitude': 105.5, 'semi_major_axis_km': 42164.686, 'eccentricity': 0.0001288, 'periapsis_km': 35781.12, 'apoapsis_km': 35791.982, 'inclination_deg': 0.0016, 'period_min': 1436.094, 'lifespan_years': 15, 'epoch': '2019-12-19T07:40:42.000Z', 'mean_motion': 1.00271948, 'raan': 19.1303, 'arg_of_pericenter': 246.709, 'mean_anomaly': 293.096}",4535.0,False
19,AsiaSat 6,Satellite,,,['AsiaSat'],,SSL,,Hong Kong,[40141],GTO,"{'reference_system': 'geocentric', 'regime': 'geostationary', 'longitude': 120, 'semi_major_axis_km': 42165.267, 'eccentricity': 5.72e-05, 'periapsis_km': 35784.72, 'apoapsis_km': 35789.543, 'inclination_deg': 0.025, 'period_min': 1436.124, 'lifespan_years': 15, 'epoch': '2019-12-19T03:25:51.000Z', 'mean_motion': 1.00269876, 'raan': 80.6427, 'arg_of_pericenter': 192.4878, 'mean_anomaly': 345.6965}",4428.0,False
20,CRS-4,Dragon 1.1,C106,https://www.nasa.gov/sites/default/files/files/SpaceX_CRS-4_Mission_Overview-1.pdf,['NASA (CRS)'],2987160.0,SpaceX,1486.0,United States,[40210],ISS,"{'reference_system': 'geocentric', 'regime': 'low-earth', 'longitude': None, 'semi_major_axis_km': 6657.288, 'eccentricity': 0.0113888, 'periapsis_km': 203.334, 'apoapsis_km': 354.971, 'inclination_deg': 51.6518, 'period_min': 90.095, 'lifespan_years': None, 'epoch': '2014-09-21T05:48:51.000Z', 'mean_motion': 15.98295763, 'raan': 344.0345, 'arg_of_pericenter': 46.2662, 'mean_anomaly': 314.7708}",2216.0,False
21,CRS-5,Dragon 1.1,C107,https://www.nasa.gov/sites/default/files/files/SpaceX_CRS-5_factsheet.pdf,['NASA (CRS)'],2764800.0,SpaceX,1633.0,United States,[40370],ISS,"{'reference_system': 'geocentric', 'regime': 'low-earth', 'longitude': None, 'semi_major_axis_km': 6656.902, 'eccentricity': 0.0109236, 'periapsis_km': 206.049, 'apoapsis_km': 351.484, 'inclination_deg': 51.6369, 'period_min': 90.088, 'lifespan_years': None, 'epoch': '2015-01-10T09:44:04.000Z', 'mean_motion': 15.98433248, 'raan': 152.0013, 'arg_of_pericenter': 46.9449, 'mean_anomaly': 314.0689}",2395.0,False
22,DSCOVR,Satellite,,,"['NASA', 'NOAA', 'USAF']",,Sierra Nevada,,United States,[40390],ES-L1,"{'reference_system': 'heliocentric', 'regime': 'L1-point', 'longitude': None, 'semi_major_axis_km': None, 'eccentricity': None, 'periapsis_km': None, 'apoapsis_km': None, 'inclination_deg': None, 'period_min': None, 'lifespan_years': 5, 'epoch': None, 'mean_motion': None, 'raan': None, 'arg_of_pericenter': None, 'mean_anomaly': None}",570.0,False
23,ABS-3A,Satellite,,,['ABS'],,Boeing,,Hong Kong,[40424],GTO,"{'reference_system': 'geocentric', 'regime': 'geostationary', 'longitude': -3, 'semi_major_axis_km': 42164.872, 'eccentricity': 0.0001936, 'periapsis_km': 35778.574, 'apoapsis_km': 35794.9, 'inclination_deg': 0.0327, 'period_min': 1436.104, 'lifespan_years': 15, 'epoch': '2019-12-19T08:54:13.000Z', 'mean_motion': 1.00271283, 'raan': 61.0281, 'arg_of_pericenter': 99.1075, 'mean_anomaly': 58.0976}",1954.0,False
24,Eutelsat 115 West B,Satellite,,,['Eutelsat'],,Boeing,,France,[40425],GTO,"{'reference_system': 'geocentric', 'regime': 'geostationary', 'longitude': -114.9, 'semi_major_axis_km': 42164.691, 'eccentricity': 2.79e-05, 'periapsis_km': 35785.379, 'apoapsis_km': 35787.732, 'inclination_deg': 0.0426, 'period_min': 1436.094, 'lifespan_years': 15, 'epoch': '2019-12-19T12:46:46.000Z', 'mean_motion': 1.0027193, 'raan': 174.6707, 'arg_of_pericenter': 281.594, 'mean_anomaly': 68.3807}",2205.0,False
25,CRS-6,Dragon 1.1,C108,https://blogs.nasa.gov/spacex/wp-content/uploads/sites/227/2015/04/SpaceX_CRS-6_Mission_Overview.pdf,['NASA (CRS)'],3110400.0,SpaceX,1361.0,United States,[40588],ISS,"{'reference_system': 'geocentric', 'regime': 'low-earth', 'longitude': None, 'semi_major_axis_km': 6661.265, 'eccentricity': 0.0116467, 'periapsis_km': 205.548, 'apoapsis_km': 360.711, 'inclination_deg': 51.6488, 'period_min': 90.176, 'lifespan_years': None, 'epoch': '2015-04-14T20:35:14.000Z', 'mean_motion': 15.96863068, 'raan': 40.8878, 'arg_of_pericenter': 48.0984, 'mean_anomaly': 63.0723}",1898.0,False
26,TürkmenÄlem 52°E / MonacoSAT,Satellite,,,['Turkmenistan National Space Agency'],,Thales Alenia Space,,Turkmenistan,[40617],GTO,"{'reference_system': 'geocentric', 'regime': 'geostationary', 'longitude': 52, 'semi_major_axis_km': 42164.866, 'eccentricity': 0.0002382, 'periapsis_km': 35776.687, 'apoapsis_km': 35796.774, 'inclination_deg': 0.011, 'period_min': 1436.103, 'lifespan_years': 15, 'epoch': '2019-12-19T17:28:42.000Z', 'mean_motion': 1.00271306, 'raan': 0.0305, 'arg_of_pericenter': 268.1988, 'mean_anomaly': 134.0144}",4707.0,False
27,CRS-7,Dragon 1.1,C109,https://www.nasa.gov/sites/default/files/atoms/files/spacex_crs-7_mission_overview.pdf,['NASA (CRS)'],139.0,SpaceX,,United States,[],ISS,"{'reference_system': 'geocentric', 'regime': 'low-earth', 'longitude': None, 'semi_major_axis_km': None, 'eccentricity': None, 'periapsis_km': None, 'apoapsis_km': None, 'inclination_deg': 51.6, 'period_min': None, 'lifespan_years': None, 'epoch': None, 'mean_motion': None, 'raan': None, 'arg_of_pericenter': None, 'mean_anomaly': None}",2477.0,False
28,Orbcomm-OG2-M2,Satellite,,,['Orbcomm'],,Boeing,,United States,[41187],LEO,"{'reference_system': 'geocentric', 'regime': 'low-earth', 'longitude': None, 'semi_major_axis_km': 7088.225, 'eccentricity': 0.0001647, 'periapsis_km': 708.923, 'apoapsis_km': 711.258, 'inclination_deg': 47.0032, 'period_min': 98.984, 'lifespan_years': 5, 'epoch': '2019-12-18T19:28:48.000Z', 'mean_motion': 14.54777048, 'raan': 189.2881, 'arg_of_pericenter': 132.2926, 'mean_anomaly': 227.8097}",2034.0,False
29,Jason-3,Satellite,,,"['NASA', 'NOAA']",,Thales Alenia Space,,United States,[41240],PO,"{'reference_system': 'geocentric', 'regime': 'low-earth', 'longitude': None, 'semi_major_axis_km': 7715.872, 'eccentricity': 0.0008088, 'periapsis_km': 1331.496, 'apoapsis_km': 1343.977, 'inclination_deg': 66.0421, 'period_min': 112.418, 'lifespan_years': 5, 'epoch': '2019-12-19T03:19:14.000Z', 'mean_motion': 12.80929474, 'raan': 21.7504, 'arg_of_pericenter': 269.744, 'mean_anomaly': 90.2648}",553.0,False
30,SES-9,Satellite,,,['SES'],,Boeing,,Luxembourg,[41380],GTO,"{'reference_system': 'geocentric', 'regime': 'geostationary', 'longitude': 108.2, 'semi_major_axis_km': 42165.417, 'eccentricity': 4.34e-05, 'periapsis_km': 35785.452, 'apoapsis_km': 35789.112, 'inclination_deg': 0.0293, 'period_min': 1436.131, 'lifespan_years': 15, 'epoch': '2019-12-19T17:53:42.000Z', 'mean_motion': 1.00269339, 'raan': 284.595, 'arg_of_pericenter': 98.767, 'mean_anomaly': 81.419}",5271.0,False
31,CRS-8,Dragon 1.1,C110,https://www.nasa.gov/sites/default/files/atoms/files/spacex_crs-8_mission_overview.pdf,['NASA (CRS)'],2843280.0,SpaceX,1678.0,United States,[41452],ISS,"{'reference_system': 'geocentric', 'regime': 'low-earth', 'longitude': None, 'semi_major_axis_km': 6659.721, 'eccentricity': 0.0108437, 'periapsis_km': 209.37, 'apoapsis_km': 353.802, 'inclination_deg': 51.6569, 'period_min': 90.145, 'lifespan_years': None, 'epoch': '2016-04-08T21:07:36.000Z', 'mean_motion': 15.9741849, 'raan': 43.9641, 'arg_of_pericenter': 44.2256, 'mean_anomaly': 64.0651}",3136.0,False
32,JCSAT-2B,Satellite,,,['SKY Perfect JSAT Group'],,SSL,,Japan,[41471],GTO,"{'reference_system': 'geocentric', 'regime': 'geostationary', 'longitude': 154, 'semi_major_axis_km': 42165.216, 'eccentricity': 0.0002011, 'periapsis_km': 35778.601, 'apoapsis_km': 35795.56, 'inclination_deg': 0.0195, 'period_min': 1436.121, 'lifespan_years': 15, 'epoch': '2019-12-19T11:00:14.000Z', 'mean_motion': 1.00270058, 'raan': 6.6232, 'arg_of_pericenter': 265.3404, 'mean_anomaly': 134.8605}",4696.0,False
33,Thaicom 8,Satellite,,,['Thaicom'],,Orbital ATK,,Thailand,[41552],GTO,"{'reference_system': 'geocentric', 'regime': 'geostationary', 'longitude': 78.5, 'semi_major_axis_km': 42165.293, 'eccentricity': 0.0002229, 'periapsis_km': 35777.759, 'apoapsis_km': 35796.557, 'inclination_deg': 0.0675, 'period_min': 1436.125, 'lifespan_years': 15, 'epoch': '2019-12-19T10:12:42.000Z', 'mean_motion': 1.00269782, 'raan': 52.9277, 'arg_of_pericenter': 289.3184, 'mean_anomaly': 337.2049}",3100.0,False
34,ABS-2A,Satellite,,,['ABS'],,Boeing,,Hong Kong,[41588],GTO,"{'reference_system': 'geocentric', 'regime': 'geostationary', 'longitude': 75, 'semi_major_axis_km': 42165.162, 'eccentricity': 0.0001373, 'periapsis_km': 35781.238, 'apoapsis_km': 35792.816, 'inclination_deg': 0.016, 'period_min': 1436.118, 'lifespan_years': 15, 'epoch': '2019-12-19T04:06:25.000Z', 'mean_motion': 1.0027025, 'raan': 2.079, 'arg_of_pericenter': 171.9123, 'mean_anomaly': 49.8504}",1800.0,False
35,Eutelsat 117 West B,Satellite,,,['Eutelsat'],,Boeing,,France,[40425],GTO,"{'reference_system': 'geocentric', 'regime': 'geostationary', 'longitude': -116.8, 'semi_major_axis_km': None, 'eccentricity': None, 'periapsis_km': None, 'apoapsis_km': None, 'inclination_deg': None, 'period_min': None, 'lifespan_years': 15, 'epoch': None, 'mean_motion': None, 'raan': None}",1800.0,False
36,CRS-9,Dragon 1.1,C111,https://www.nasa.gov/sites/default/files/atoms/files/spacex_crs-9_mission_overview2.pdf,['NASA (CRS)'],3409380.0,SpaceX,1550.0,United States,[41672],ISS,"{'reference_system': 'geocentric', 'regime': 'low-earth', 'longitude': None, 'semi_major_axis_km': 6657.994, 'eccentricity': 0.0113615, 'periapsis_km': 204.214, 'apoapsis_km': 355.504, 'inclination_deg': 51.6593, 'period_min': 90.11, 'lifespan_years': None, 'epoch': '2016-07-18T05:09:49.000Z', 'mean_motion': 15.98039801, 'raan': 263.3429, 'arg_of_pericenter': 43.7868, 'mean_anomaly': 66.5408}",2257.0,False
37,JCSAT-16,Satellite,,,['SKY Perfect JCSAT Group'],,SSL,,Japan,[41729],GTO,"{'reference_system': 'geocentric', 'regime': 'geostationary', 'longitude': 162, 'semi_major_axis_km': 42165.471, 'eccentricity': 0.0005065, 'periapsis_km': 35765.979, 'apoapsis_km': 35808.693, 'inclination_deg': 0.0468, 'period_min': 1436.134, 'lifespan_years': 15, 'epoch': '2019-12-19T01:04:42.000Z', 'mean_motion': 1.00269146, 'raan': 85.0458, 'arg_of_pericenter': 187.2276, 'mean_anomaly': 315.2742}",4600.0,False
38,Amos-6,Satellite,,,['Spacecom'],,Israel Aerospace Industries,,Israel,[],GTO,"{'reference_system': 'geocentric', 'regime': 'geostationary', 'longitude': -4, 'semi_major_axis_km': None, 'eccentricity': None, 'periapsis_km': 35785, 'apoapsis_km': 35800, 'inclination_deg': None, 'period_min': None, 'lifespan_years': 15, 'epoch': None, 'mean_motion': None, 'raan': None, 'arg_of_pericenter': None, 'mean_anomaly': None}",5500.0,False
39,Iridium NEXT 1,Satellite,,,['Iridium Communications'],,Thales Alenia Space,,United States,"[41917, 41918, 41919, 41920, 41921, 41922, 41923, 41924, 41925, 41926]",PO,"{'reference_system': 'geocentric', 'regime': 'low-earth', 'longitude': None, 'semi_major_axis_km': 7155.802, 'eccentricity': 0.0002479, 'periapsis_km': 775.893, 'apoapsis_km': 779.441, 'inclination_deg': 86.3962, 'period_min': 100.403, 'lifespan_years': 15, 'epoch': '2019-12-19T10:54:07.000Z', 'mean_motion': 14.34218133, 'raan': 359.6197, 'arg_of_pericenter': 99.1175, 'mean_anomaly': 261.0302}",9600.0,False
40,CRS-10,Dragon 1.1,C112,https://www.nasa.gov/sites/default/files/atoms/files/spacex_crs-10_mission_overview.pdf,['NASA (CRS)'],2419620.0,SpaceX,1652.0,United States,[42053],ISS,"{'reference_system': 'geocentric', 'regime': 'low-earth', 'longitude': None, 'semi_major_axis_km': 6657.603, 'eccentricity': 0.0115859, 'periapsis_km': 202.334, 'apoapsis_km': 356.602, 'inclination_deg': 51.632, 'period_min': 90.102, 'lifespan_years': None, 'epoch': '2017-02-19T15:02:32.000Z', 'mean_motion': 15.98180622, 'raan': 264.9784, 'arg_of_pericenter': 44.275, 'mean_anomaly': 62.9999}",2490.0,False
41,EchoStar 23,Satellite,,,['EchoStar'],,Airbus Defence and Space,,United States,[42070],GTO,"{'reference_system': 'geocentric', 'regime': 'geostationary', 'longitude': -44.9, 'semi_major_axis_km': 42165.142, 'eccentricity': 0.0001697, 'periapsis_km': 35779.851, 'apoapsis_km': 35794.162, 'inclination_deg': 0.0192, 'period_min': 1436.117, 'lifespan_years': 15, 'epoch': '2019-12-18T20:31:59.000Z', 'mean_motion': 1.00270321, 'raan': 11.7193, 'arg_of_pericenter': 252.5289, 'mean_anomaly': 63.012}",5600.0,False
42,SES-10,Satellite,,,['SES'],,Airbus Defence and Space,,Luxembourg,[42432],GTO,"{'reference_system': 'geocentric', 'regime': 'geostationary', 'longitude': -67, 'semi_major_axis_km': 42165.643, 'eccentricity': 0.0002681, 'periapsis_km': 35776.203, 'apoapsis_km': 35798.812, 'inclination_deg': 0.0089, 'period_min': 1436.143, 'lifespan_years': 15, 'epoch': '2019-12-19T02:31:42.000Z', 'mean_motion': 1.00268535, 'raan': 337.6838, 'arg_of_pericenter': 297.6563, 'mean_anomaly': 143.1013}",5300.0,False
43,NROL-76,Satellite,,,['NRO'],,Boeing,,United States,[],LEO,"{'reference_system': 'geocentric', 'regime': 'low-earth', 'longitude': None, 'semi_major_axis_km': None, 'eccentricity': None, 'periapsis_km': None, 'apoapsis_km': None, 'inclination_deg': 50, 'period_min': None, 'lifespan_years': 10, 'epoch': None, 'mean_motion': None, 'raan': None, 'arg_of_pericenter': None, 'mean_anomaly': None}",,False
44,Inmarsat-5 F4,Satellite,,,['Inmarsat'],,Boeing,,United Kingdom,[42698],GTO,"{'reference_system': 'geocentric', 'regime': 'geostationary', 'longitude': 117, 'semi_major_axis_km': 42165.591, 'eccentricity': 5.08e-05, 'periapsis_km': 35785.314, 'apoapsis_km': 35789.598, 'inclination_deg': 0.0208, 'period_min': 1436.14, 'lifespan_years': 15, 'epoch': '2019-12-19T17:28:42.000Z', 'mean_motion': 1.00268719, 'raan': 5.7692, 'arg_of_pericenter': 330.7191, 'mean_anomaly': 70.2119}",6070.0,False
45,CRS-11,Dragon 1.1,C106,https://www.nasa.gov/sites/default/files/atoms/files/spacex_crs-11_mission_overview.pdf,['NASA (CRS)'],2559840.0,SpaceX,1900.0,United States,[42744],ISS,"{'reference_system': 'geocentric', 'regime': 'low-earth', 'longitude': None, 'semi_major_axis_km': 6657.963, 'eccentricity': 0.0113366, 'periapsis_km': 204.35, 'apoapsis_km': 355.307, 'inclination_deg': 51.639, 'period_min': 90.109, 'lifespan_years': None, 'epoch': '2017-06-03T23:01:19.000Z', 'mean_motion': 15.9805087, 'raan': 104.5218, 'arg_of_pericenter': 45.1464, 'mean_anomaly': 62.5836}",2708.0,True
46,BulgariaSat-1,Satellite,,,['Bulgaria Sat'],,SSL,,Bulgaria,[42801],GTO,"{'reference_system': 'geocentric', 'regime': 'geostationary', 'longitude': 1.9, 'semi_major_axis_km': 42163.913, 'eccentricity': 0.0002437, 'periapsis_km': 35775.503, 'apoapsis_km': 35796.054, 'inclination_deg': 0.0315, 'period_min': 1436.055, 'lifespan_years': 15, 'epoch': '2019-12-19T03:45:27.000Z', 'mean_motion': 1.00274704, 'raan': 297.8412, 'arg_of_pericenter': 330.7639, 'mean_anomaly': 237.122}",3669.0,False
47,Iridium NEXT 2,Satellite,,,['Iridium Communications'],,Thales Alenia Space,,United States,"[42803, 42804, 42805, 42806, 42807, 42808, 42809, 42805, 42810, 42811]",PO,"{'reference_system': 'geocentric', 'regime': 'low-earth', 'longitude': None, 'semi_major_axis_km': 7155.811, 'eccentricity': 0.0001737, 'periapsis_km': 776.433, 'apoapsis_km': 778.918, 'inclination_deg': 86.4001, 'period_min': 100.403, 'lifespan_years': 15, 'epoch': '2019-12-19T09:21:18.000Z', 'mean_motion': 14.34215683, 'raan': 233.1541, 'arg_of_pericenter': 95.8467, 'mean_anomaly': 264.2926}",9600.0,False
48,Intelsat 35e,Satellite,,,['Intelsat'],,Boeing,,United States,[42818],GTO,"{'reference_system': 'geocentric', 'regime': 'geosynchronous', 'longitude': -34.5, 'semi_major_axis_km': 42165.08, 'eccentricity': 0.0001823, 'periapsis_km': 35779.258, 'apoapsis_km': 35794.631, 'inclination_deg': 0.0462, 'period_min': 1436.114, 'lifespan_years': 15, 'epoch': '2019-12-19T02:32:11.000Z', 'mean_motion': 1.00270543, 'raan': 160.641, 'arg_of_pericenter': 116.8535, 'mean_anomaly': 173.4801}",6761.0,False
49,CRS-12,Dragon 1.1,C113,https://www.nasa.gov/sites/default/files/atoms/files/spacex_crs-12_missionoverview.pdf,['NASA (CRS)'],2842920.0,SpaceX,1724.0,United States,[42904],ISS,"{'reference_system': 'geocentric', 'regime': 'low-earth', 'longitude': None, 'semi_major_axis_km': 6658.399, 'eccentricity': 0.0116656, 'periapsis_km': 202.59, 'apoapsis_km': 357.938, 'inclination_deg': 51.6336, 'period_min': 90.118, 'lifespan_years': None, 'epoch': '2017-08-14T16:54:33.000Z', 'mean_motion': 15.97894031, 'raan': 106.677, 'arg_of_pericenter': 47.0303, 'mean_anomaly': 58.0005}",2910.0,False
50,FormoSat-5,Satellite,,,['NSPO (Taiwan)'],,NSPO,,Taiwan,[42920],SSO,"{'reference_system': 'geocentric', 'regime': 'sun-synchronous', 'longitude': None, 'semi_major_axis_km': 7101.026, 'eccentricity': 0.0010944, 'periapsis_km': 715.12, 'apoapsis_km': 730.662, 'inclination_deg': 98.3171, 'period_min': 99.252, 'lifespan_years': 5, 'epoch': '2019-12-19T09:46:53.000Z', 'mean_motion': 14.50845157, 'raan': 69.6853, 'arg_of_pericenter': 159.4803, 'mean_anomaly': 200.6836}",475.0,False
51,X-37B OTV-5,Satellite,,,['USAF'],,Boeing Defense,,United States,[],LEO,"{'reference_system': 'geocentric', 'regime': 'low-earth', 'longitude': None, 'semi_major_axis_km': None, 'eccentricity': None, 'periapsis_km': None, 'apoapsis_km': None, 'inclination_deg': 54, 'period_min': None, 'lifespan_years': None, 'epoch': None, 'mean_motion': None, 'raan': None, 'arg_of_pericenter': None, 'mean_anomaly': None}",4990.0,False
52,Iridium NEXT 3,Satellite,,,['Iridium Communications'],,Thales Alenia Space,,United States,"[42955, 42956, 42957, 42958, 42959, 42960, 42961, 42962, 42963, 42964]",PO,"{'reference_system': 'geocentric', 'regime': 'low-earth', 'longitude': None, 'semi_major_axis_km': 7155.809, 'eccentricity': 0.0001686, 'periapsis_km': 776.467, 'apoapsis_km': 778.88, 'inclination_deg': 86.3969, 'period_min': 100.403, 'lifespan_years': 15, 'epoch': '2019-12-19T11:02:31.000Z', 'mean_motion': 14.34216226, 'raan': 296.3252, 'arg_of_pericenter': 91.9851, 'mean_anomaly': 268.1538}",9600.0,False
53,SES-11 / Echostar 105,Satellite,,,"['SES', 'Echostar']",,Airbus Defence and Space,,United States,[42967],GTO,"{'reference_system': 'geocentric', 'regime': 'geostationary', 'longitude': -105, 'semi_major_axis_km': 42165.142, 'eccentricity': 0.0002644, 'periapsis_km': 35775.859, 'apoapsis_km': 35798.156, 'inclination_deg': 0.0353, 'period_min': 1436.117, 'lifespan_years': 15, 'epoch': '2019-12-19T04:30:44.000Z', 'mean_motion': 1.00270319, 'raan': 277.6555, 'arg_of_pericenter': 354.2309, 'mean_anomaly': 138.349}",5200.0,False
54,KoreaSat 5A,Satellite,,,['KT Corporation'],,Thales Alenia Space,,South Korea,[42984],GTO,"{'reference_system': 'geocentric', 'regime': 'geostationary', 'longitude': 113, 'semi_major_axis_km': 42165.413, 'eccentricity': 0.0001733, 'periapsis_km': 35779.971, 'apoapsis_km': 35794.585, 'inclination_deg': 0.0364, 'period_min': 1436.131, 'lifespan_years': 15, 'epoch': '2019-12-19T01:12:42.000Z', 'mean_motion': 1.00269354, 'raan': 107.427, 'arg_of_pericenter': 130.3634, 'mean_anomaly': 340.8985}",3700.0,False
55,CRS-13,Dragon 1.1,C108,https://www.nasa.gov/sites/default/files/atoms/files/spacex_crs-13_mision_overview_low_res8.pdf,['NASA (CRS)'],2375340.0,SpaceX,1859.7,United States,[43060],ISS,"{'reference_system': 'geocentric', 'regime': 'low-earth', 'longitude': None, 'semi_major_axis_km': 6657.799, 'eccentricity': 0.0114283, 'periapsis_km': 203.576, 'apoapsis_km': 355.751, 'inclination_deg': 51.6387, 'period_min': 90.106, 'lifespan_years': None, 'epoch': '2017-12-15T16:01:04.000Z', 'mean_motion': 15.98110186, 'raan': 213.9231, 'arg_of_pericenter': 45.5617, 'mean_anomaly': 67.7217}",2205.0,True
56,Iridium NEXT 4,Satellite,,,['Iridium Communications'],,Thales Alenia Space,,United States,"[43070, 43071, 43072, 43073, 43074, 43075, 43076, 43077, 43078, 43079]",PO,"{'reference_system': 'geocentric', 'regime': 'low-earth', 'longitude': None, 'semi_major_axis_km': 7155.799, 'eccentricity': 0.0002448, 'periapsis_km': 775.912, 'apoapsis_km': 779.416, 'inclination_deg': 86.3994, 'period_min': 100.403, 'lifespan_years': 15, 'epoch': '2019-12-19T08:53:55.000Z', 'mean_motion': 14.34219216, 'raan': 233.1557, 'arg_of_pericenter': 81.7928, 'mean_anomaly': 278.3545}",9600.0,False
57,ZUMA,Satellite,,,['Northrop Grumman'],,Northrop Grumman,,United States,[],LEO,"{'reference_system': 'geocentric', 'regime': 'low-earth', 'longitude': None, 'semi_major_axis_km': None, 'eccentricity': None, 'periapsis_km': None, 'apoapsis_km': None, 'inclination_deg': 51, 'period_min': None, 'lifespan_years': None, 'epoch': None, 'mean_motion': None, 'raan': None, 'arg_of_pericenter': None, 'mean_anomaly': None}",,False
58,GovSat-1,Satellite,,,['GovSat'],,Orbital ATK,,Luxembourg,[43178],GTO,"{'reference_system': 'geocentric', 'regime': 'geostationary', 'longitude': 21.5, 'semi_major_axis_km': None, 'eccentricity': None, 'periapsis_km': None, 'apoapsis_km': None, 'inclination_deg': None, 'period_min': None, 'lifespan_years': 15, 'epoch': None, 'mean_motion': None, 'raan': None, 'arg_of_pericenter': None, 'mean_anomaly': None}",4230.0,False
59,Tesla Roadster,Satellite,,,['SpaceX'],,Tesla,,United States,[43205],HCO,"{'reference_system': 'heliocentric', 'regime': None, 'longitude': None, 'semi_major_axis_km': 9943.766, 'eccentricity': 0.3404246, 'periapsis_km': 180.528, 'apoapsis_km': 6950.733, 'inclination_deg': 29.0185, 'period_min': 164.469, 'lifespan_years': 3500000, 'epoch': '2018-02-06T22:36:19.000Z', 'mean_motion': 8.75540848, 'raan': 287.358, 'arg_of_pericenter': 180.027, 'mean_anomaly': 180.584}",1350.0,False
60,Paz,Satellite,,,['HisdeSAT'],,Airbus Defence and Space,,Spain,[43215],SSO,"{'reference_system': 'geocentric', 'regime': 'sun-synchronous', 'longitude': None, 'semi_major_axis_km': 6886.533, 'eccentricity': 0.0001728, 'periapsis_km': 507.208, 'apoapsis_km': 509.588, 'inclination_deg': 97.445, 'period_min': 94.789, 'lifespan_years': 15, 'epoch': '2019-12-19T12:59:24.000Z', 'mean_motion': 15.19153981, 'raan': 357.9066, 'arg_of_pericenter': 80.515, 'mean_anomaly': 35.7032}",1350.0,False
61,Tintin A & B,Satellite,,,['SpaceX'],,SpaceX,,United States,"[43216, 43217]",SSO,"{'reference_system': 'geocentric', 'regime': 'low-earth', 'longitude': None, 'semi_major_axis_km': 6881.942, 'eccentricity': 0.0014311, 'periapsis_km': 493.958, 'apoapsis_km': 513.655, 'inclination_deg': 97.4508, 'period_min': 94.694, 'lifespan_years': 1, 'epoch': '2019-12-19T12:22:00.000Z', 'mean_motion': 15.20674395, 'raan': 359.3004, 'arg_of_pericenter': 112.3777, 'mean_anomaly': 247.8977}",800.0,False
62,Hispasat 30W-6,Satellite,,,['Hispasat'],,SSL,,Spain,[43228],GTO,"{'reference_system': 'geocentric', 'regime': 'geostationary', 'longitude': -30, 'semi_major_axis_km': 42164.823, 'eccentricity': 0.0002331, 'periapsis_km': 35776.86, 'apoapsis_km': 35796.517, 'inclination_deg': 0.0423, 'period_min': 1436.101, 'lifespan_years': 15, 'epoch': '2019-12-18T20:42:47.000Z', 'mean_motion': 1.00271458, 'raan': 45.1777, 'arg_of_pericenter': 255.0945, 'mean_anomaly': 67.6164}",6092.0,False
63,Iridium NEXT 5,Satellite,,,['Iridium Communications'],,Thales Alenia Space,,United States,"[43249, 43250, 43251, 43252, 43253, 43254, 43255, 43256, 43257, 43258]",PO,"{'reference_system': 'geocentric', 'regime': 'low-earth', 'longitude': None, 'semi_major_axis_km': 7155.8, 'eccentricity': 0.0002329, 'periapsis_km': 775.998, 'apoapsis_km': 779.332, 'inclination_deg': 86.3987, 'period_min': 100.403, 'lifespan_years': 15, 'epoch': '2019-12-19T12:28:11.000Z', 'mean_motion': 14.34218842, 'raan': 201.5408, 'arg_of_pericenter': 95.0977, 'mean_anomaly': 265.0485}",9600.0,False
64,CRS-14,Dragon 1.1,C110,https://www.nasa.gov/sites/default/files/atoms/files/spacex_crs-14_mision_overview_high_res.pdf,['NASA (CRS)'],3862140.0,SpaceX,1743.0,United States,[43267],ISS,"{'reference_system': 'geocentric', 'regime': 'low-earth', 'longitude': None, 'semi_major_axis_km': 6658.324, 'eccentricity': 0.011476, 'periapsis_km': 203.778, 'apoapsis_km': 356.6, 'inclination_deg': 51.6437, 'period_min': 90.117, 'lifespan_years': None, 'epoch': '2018-04-02T20:54:48.000Z', 'mean_motion': 15.97921108, 'raan': 34.3281, 'arg_of_pericenter': 48.6187, 'mean_anomaly': 62.8495}",2760.0,True
65,TESS,Satellite,,,['NASA'],,Orbital ATK,,United States,[43435],HEO,"{'reference_system': 'highly-elliptical', 'regime': 'high-earth', 'longitude': None, 'semi_major_axis_km': 143549.447, 'eccentricity': 0.943685, 'periapsis_km': 1705.852, 'apoapsis_km': 272636.772, 'inclination_deg': 28.6882, 'period_min': 9021.152, 'lifespan_years': 10, 'epoch': '2018-04-25T05:40:13.000Z', 'mean_motion': 0.15962484, 'raan': 36.536, 'arg_of_pericenter': 230.9609, 'mean_anomaly': 356.5485}",350.0,False
66,Bangabandhu-1,Satellite,,,['Bangladesh Gov'],,Thales Alenia Space,,Bangladesh,[43463],GTO,"{'reference_system': 'geocentric', 'regime': 'geostationary', 'longitude': 119.1, 'semi_major_axis_km': 42164.437, 'eccentricity': 0.0001549, 'periapsis_km': 35779.771, 'apoapsis_km': 35792.833, 'inclination_deg': 0.0187, 'period_min': 1436.081, 'lifespan_years': 15, 'epoch': '2019-12-19T19:49:27.000Z', 'mean_motion': 1.00272835, 'raan': 334.2838, 'arg_of_pericenter': 294.0811, 'mean_anomaly': 236.2177}",3750.0,False
67,Iridium NEXT 6,Satellite,,,['Iridium Communications'],,Thales Alenia Space,,United States,"[43478, 43479, 43480, 43481, 43482]",PO,"{'reference_system': 'geocentric', 'regime': 'low-earth', 'longitude': None, 'semi_major_axis_km': 7125.83, 'eccentricity': 0.0001947, 'periapsis_km': 746.307, 'apoapsis_km': 749.082, 'inclination_deg': 86.4484, 'period_min': 99.772, 'lifespan_years': 15, 'epoch': '2019-12-19T11:59:30.000Z', 'mean_motion': 14.43276534, 'raan': 359.6334, 'arg_of_pericenter': 98.5632, 'mean_anomaly': 261.579}",4300.0,False
68,GRACE-FO 1-2,Satellite,,,"['NASA', 'DLR']",,,,,"[43476, 43477]",PO,"{'reference_system': 'geocentric', 'regime': 'sun-synchronous', 'longitude': None, 'semi_major_axis_km': 6872.08, 'eccentricity': 0.0015137, 'periapsis_km': 483.543, 'apoapsis_km': 504.347, 'inclination_deg': 88.9951, 'period_min': 94.491, 'lifespan_years': 5, 'epoch': '2019-12-19T03:22:07.000Z', 'mean_motion': 15.23948924, 'raan': 162.1908, 'arg_of_pericenter': 232.54, 'mean_anomaly': 127.4471}",1160.0,False
69,SES-12,Satellite,,,['SES'],,Airbus Defence and Space,,Luxembourg,[43488],GTO,"{'reference_system': 'geocentric', 'regime': 'geostationary', 'longitude': 95, 'semi_major_axis_km': 42164.467, 'eccentricity': 0.000278, 'periapsis_km': 35774.61, 'apoapsis_km': 35798.054, 'inclination_deg': 0.0306, 'period_min': 1436.083, 'lifespan_years': 15, 'epoch': '2019-12-19T02:28:49.000Z', 'mean_motion': 1.00272728, 'raan': 59.2804, 'arg_of_pericenter': 208.3768, 'mean_anomaly': 311.96}",5383.85,False
70,CRS-15,Dragon 1.1,C111,https://www.nasa.gov/sites/default/files/atoms/files/spacex_crs-15_mision_overview_rev2_high_res7.pdf,['NASA (CRS)'],3069300.0,SpaceX,1700.0,United States,[43522],ISS,"{'reference_system': 'geocentric', 'regime': 'low-earth', 'longitude': None, 'semi_major_axis_km': 6685.069, 'eccentricity': 0.0119429, 'periapsis_km': 227.094, 'apoapsis_km': 386.773, 'inclination_deg': 51.6352, 'period_min': 90.66, 'lifespan_years': None, 'epoch': '2018-06-29T11:28:11.000Z', 'mean_motion': 15.88341598, 'raan': 317.9412, 'arg_of_pericenter': 52.1513, 'mean_anomaly': 25.5794}",2410.0,True
71,Telstar 19V,Satellite,,,['Telesat'],,SSL,,Canada,[43562],GTO,"{'reference_system': 'geocentric', 'regime': 'geostationary', 'longitude': -65, 'semi_major_axis_km': 42165.796, 'eccentricity': 0.0001728, 'periapsis_km': 35780.375, 'apoapsis_km': 35794.947, 'inclination_deg': 0.0127, 'period_min': 1436.151, 'lifespan_years': 15, 'epoch': '2019-12-19T12:03:39.000Z', 'mean_motion': 1.00267987, 'raan': 18.0864, 'arg_of_pericenter': 212.9175, 'mean_anomaly': 334.7062}",7076.0,False
72,Iridium NEXT 7,Satellite,,,['Iridium Communications'],,Thales Alenia Space,,United States,"[43569, 43570, 43571, 43572, 43573, 43574, 43575, 43576, 43577, 43578]",PO,"{'reference_system': 'geocentric', 'regime': 'low-earth', 'longitude': None, 'semi_major_axis_km': 7155.803, 'eccentricity': 0.0002065, 'periapsis_km': 776.19, 'apoapsis_km': 779.146, 'inclination_deg': 86.3957, 'period_min': 100.403, 'lifespan_years': 15, 'epoch': '2019-12-19T16:45:22.000Z', 'mean_motion': 14.34217979, 'raan': 327.7884, 'arg_of_pericenter': 80.7874, 'mean_anomaly': 279.3556}",9600.0,False
73,Telkom-4,Satellite,,,['Telkom'],,SSL,,Indonesia,[43587],GTO,"{'reference_system': 'geocentric', 'regime': 'geostationary', 'longitude': -108, 'semi_major_axis_km': 42165.366, 'eccentricity': 0.0001331, 'periapsis_km': 35781.619, 'apoapsis_km': 35792.843, 'inclination_deg': 0.01, 'period_min': 1436.129, 'lifespan_years': 15, 'epoch': '2019-12-19T10:20:42.000Z', 'mean_motion': 1.00269522, 'raan': 53.5678, 'arg_of_pericenter': 239.8819, 'mean_anomaly': 57.4493}",5800.0,False
74,Telstar 18V,Satellite,,,['Telesat'],,SSL,,Canada,[43611],GTO,"{'reference_system': 'geocentric', 'regime': 'geostationary', 'longitude': 138, 'semi_major_axis_km': 42165.485, 'eccentricity': 0.0001831, 'periapsis_km': 35779.629, 'apoapsis_km': 35795.07, 'inclination_deg': 0.0185, 'period_min': 1436.135, 'lifespan_years': 15, 'epoch': '2019-12-19T18:11:28.000Z', 'mean_motion': 1.00269098, 'raan': 12.0019, 'arg_of_pericenter': 260.1414, 'mean_anomaly': 226.7728}",7060.0,False
75,SAOCOM 1A,Satellite,,,['CONAE'],,INVAP,,Argentina,[43641],SSO,"{'reference_system': 'geocentric', 'regime': 'sun-synchronous', 'longitude': None, 'semi_major_axis_km': 7000.675, 'eccentricity': 0.0001292, 'periapsis_km': 621.636, 'apoapsis_km': 623.445, 'inclination_deg': 97.8845, 'period_min': 97.156, 'lifespan_years': 5, 'epoch': '2019-12-19T10:08:45.000Z', 'mean_motion': 14.8215227, 'raan': 177.1306, 'arg_of_pericenter': 81.1279, 'mean_anomaly': 279.0081}",2800.0,False
76,Es’hail 2,Satellite,,,['Es’hailSat'],,Mitsubishi Electric,,Qatar,[43700],GTO,"{'reference_system': 'geocentric', 'regime': 'geostationary', 'longitude': 25.5, 'semi_major_axis_km': 42165.675, 'eccentricity': 0.0001659, 'periapsis_km': 35780.545, 'apoapsis_km': 35794.536, 'inclination_deg': 0.0019, 'period_min': 1436.145, 'lifespan_years': 15, 'epoch': '2019-12-19T07:24:42.000Z', 'mean_motion': 1.00268418, 'raan': 29.2456, 'arg_of_pericenter': 276.5732, 'mean_anomaly': 278.7873}",3000.0,False
77,SSO-A,Satellite,,,"['Spaceflight Industries, Inc']",,"Spaceflight Industries, Inc",,United States,"[43775, 43776, 43774, 43763, 43760, 43759]",SSO,"{'reference_system': 'geocentric', 'regime': 'sun-synchronous', 'longitude': None, 'semi_major_axis_km': 6960.526, 'eccentricity': 0.00161, 'periapsis_km': 571.185, 'apoapsis_km': 593.598, 'inclination_deg': 97.7286, 'period_min': 96.321, 'lifespan_years': None, 'epoch': '2019-12-19T03:24:54.000Z', 'mean_motion': 14.94994558, 'raan': 62.63, 'arg_of_pericenter': 75.7444, 'mean_anomaly': 284.5563}",4000.0,False
78,CRS-16,Dragon 1.1,C112,https://www.nasa.gov/sites/default/files/atoms/files/spacex_crs-16_mision_overview_high_res_rev2.pdf,['NASA (CRS)'],3408840.0,SpaceX,2500.0,United States,[43827],ISS,"{'reference_system': 'geocentric', 'regime': 'low-earth', 'longitude': None, 'semi_major_axis_km': 6783.903, 'eccentricity': 0.0002416, 'periapsis_km': 404.129, 'apoapsis_km': 407.407, 'inclination_deg': 51.6425, 'period_min': 92.678, 'lifespan_years': None, 'epoch': '2019-01-13T14:04:57.000Z', 'mean_motion': 15.53757701, 'raan': 50.2106, 'arg_of_pericenter': 284.1251, 'mean_anomaly': 212.8292}",2573.0,True
79,GPS III SV01,Satellite,,,['USAF'],,Lockheed Martin,,United States,[43873],MEO,"{'reference_system': 'geocentric', 'regime': 'semi-synchronous', 'longitude': None, 'semi_major_axis_km': 26528.557, 'eccentricity': 0.0014575, 'periapsis_km': 20111.756, 'apoapsis_km': 20189.087, 'inclination_deg': 54.9995, 'period_min': 716.688, 'lifespan_years': 15, 'epoch': '2019-12-16T17:58:39.000Z', 'mean_motion': 2.00924233, 'raan': 185.9588, 'arg_of_pericenter': 284.0594, 'mean_anomaly': 62.2423}",4400.0,False
80,Iridium NEXT 8,Satellite,,,['Iridium Communications'],,Thales Alenia Space,,United States,"[43922, 43923, 43924, 43925, 43926, 43927, 43928, 43929, 43930, 43931]",PO,"{'reference_system': 'geocentric', 'regime': 'low-earth', 'longitude': None, 'semi_major_axis_km': 7155.805, 'eccentricity': 0.0002494, 'periapsis_km': 775.886, 'apoapsis_km': 779.455, 'inclination_deg': 86.3985, 'period_min': 100.403, 'lifespan_years': 15, 'epoch': '2019-12-19T11:52:22.000Z', 'mean_motion': 14.3421721, 'raan': 264.6599, 'arg_of_pericenter': 53.1339, 'mean_anomaly': 307.0085}",9600.0,False
81,Nusantara Satu (PSN-6),Satellite,,,['Pasifik Satelit Nusantara'],,SSL,,Indonesia,[44048],GTO,"{'reference_system': 'geocentric', 'regime': 'geostationary', 'longitude': 146, 'semi_major_axis_km': 42165.324, 'eccentricity': 0.0001923, 'periapsis_km': 35779.081, 'apoapsis_km': 35795.298, 'inclination_deg': 0.0097, 'period_min': 1436.127, 'lifespan_years': 15, 'epoch': '2019-12-19T12:19:56.000Z', 'mean_motion': 1.0026967, 'raan': 37.2501, 'arg_of_pericenter': 236.8623, 'mean_anomaly': 144.6987}",5000.0,False
82,S5,Satellite,,,['Air Force Research Laboratory'],,Applied Defense Systems,,United States,[],GTO,"{'reference_system': 'geocentric', 'regime': 'geostationary', 'longitude': None, 'semi_major_axis_km': None, 'eccentricity': None, 'periapsis_km': None, 'apoapsis_km': None, 'inclination_deg': None, 'period_min': None, 'lifespan_years': None, 'epoch': None, 'mean_motion': None, 'raan': None, 'arg_of_pericenter': None, 'mean_anomaly': None}",60.0,False
83,Beresheet,Lander,,,['SpaceIL'],,SSL,,Israel,[44049],GTO,"{'reference_system': 'geocentric', 'regime': 'highly-elliptical', 'longitude': None, 'semi_major_axis_km': 210769.268, 'eccentricity': 0.9637541, 'periapsis_km': 1261.386, 'apoapsis_km': 407520.879, 'inclination_deg': 25.0088, 'period_min': 16049.838, 'lifespan_years': 0.00547945, 'epoch': '2019-03-20T20:30:00.000Z', 'mean_motion': 0.08972053, 'raan': 10.5463, 'arg_of_pericenter': 181.7585, 'mean_anomaly': 43.0154}",585.0,False
84,CCtCap Demo Mission 1,Crew Dragon,C201,,['NASA (CCtCap)'],539765.0,SpaceX,,United States,[44063],ISS,"{'reference_system': 'geocentric', 'regime': 'low-earth', 'longitude': None, 'semi_major_axis_km': 6781.274, 'eccentricity': 0.0012936, 'periapsis_km': 394.367, 'apoapsis_km': 411.911, 'inclination_deg': 51.6381, 'period_min': 92.624, 'lifespan_years': None, 'epoch': '2019-03-08T08:52:08.000Z', 'mean_motion': 15.54661212, 'raan': 142.4692, 'arg_of_pericenter': 169.6921, 'mean_anomaly': 292.6127}",12259.0,False
85,ArabSat 6A,Satellite,,,['Arabsat'],,Lockheed Martin,,Saudi Arabia,[44186],GTO,"{'reference_system': 'geocentric', 'regime': 'geostationary', 'longitude': 30.5, 'semi_major_axis_km': 42162.983, 'eccentricity': 0.0004351, 'periapsis_km': 35766.503, 'apoapsis_km': 35803.193, 'inclination_deg': 0.0624, 'period_min': 1436.007, 'lifespan_years': 15, 'epoch': '2019-12-19T04:05:57.000Z', 'mean_motion': 1.00278023, 'raan': 320.65, 'arg_of_pericenter': 301.697, 'mean_anomaly': 277.1629}",6000.0,False
86,CRS-17,Dragon 1.1,C113,https://www.nasa.gov/sites/default/files/atoms/files/spacex_crs-17_mission_overview.pdf,['NASA (CRS)'],2592000.0,SpaceX,1905.1,United States,[44222],ISS,"{'reference_system': 'geocentric', 'regime': 'low-earth', 'longitude': None, 'semi_major_axis_km': 6784.509, 'eccentricity': 0.0015208, 'periapsis_km': 396.056, 'apoapsis_km': 416.692, 'inclination_deg': 51.6386, 'period_min': 92.69, 'lifespan_years': None, 'epoch': '2019-06-03T18:56:35.000Z', 'mean_motion': 15.53549418, 'raan': 67.8039, 'arg_of_pericenter': 3.7579, 'mean_anomaly': 111.5799}",2482.0,True
87,Starlink 1 (v0.9),Satellite,,,['SpaceX'],,SpaceX,,United States,"[44235, 44236, 44237, 44238, 44239, 44240, 44241, 44242, 44243, 44244, 44245, 44246, 44247, 44248, 44249, 44250, 44251, 44252, 44253, 44254, 44255, 44256, 44257, 44258, 44259, 44260, 44261, 44262, 44263, 44264, 44265, 44266, 44267, 44268, 44269, 44270, 44271, 44272, 44273, 44274, 44275, 44276, 44277, 44278, 44279, 44280, 44281, 44282, 44283, 44284, 44285, 44286, 44287, 44288, 44289, 44290, 44291, 44292, 44293, 44294]",VLEO,"{'reference_system': 'geocentric', 'regime': 'very-low-earth', 'longitude': None, 'semi_major_axis_km': 6907.885, 'eccentricity': 0.000117, 'periapsis_km': 528.942, 'apoapsis_km': 530.559, 'inclination_deg': 53.0041, 'period_min': 95.23, 'lifespan_years': None, 'epoch': '2019-12-19T06:00:00.000Z', 'mean_motion': 15.12115758, 'raan': 312.5089, 'arg_of_pericenter': 84.7335, 'mean_anomaly': 224.2047}",13620.0,False
88,RADARSAT Constellation,Satellite,,,['CSA'],,Maxar Technologies,,Canada,"[44322, 44323, 44324]",SSO,"{'reference_system': 'geocentric', 'regime': 'sun-synchronous', 'longitude': None, 'semi_major_axis_km': 6968.01, 'eccentricity': 0.000145, 'periapsis_km': 588.864, 'apoapsis_km': 590.885, 'inclination_deg': 97.7595, 'period_min': 96.476, 'lifespan_years': None, 'epoch': '2019-12-19T18:14:13.000Z', 'mean_motion': 14.92586834, 'raan': 358.0892, 'arg_of_pericenter': 82.4792, 'mean_anomaly': 277.6598}",1425.0,False
89,DSX,Satellite,,,['USAF'],,Sierra Nevada Corporation,,United States,[44344],MEO,"{'reference_system': 'geocentric', 'regime': 'medium-earth', 'longitude': None, 'semi_major_axis_km': 15397.912, 'eccentricity': 0.1971525, 'periapsis_km': 5984.04, 'apoapsis_km': 12055.513, 'inclination_deg': 42.2096, 'period_min': 316.922, 'lifespan_years': None, 'epoch': '2019-12-18T10:47:18.000Z', 'mean_motion': 4.54370379, 'raan': 139.2338, 'arg_of_pericenter': 76.0136, 'mean_anomaly': 305.0365}",600.0,False
90,COSMIC-2,Satellite,,,"['NOAA', 'NASA', 'Taiwan']",,National Space Organization,,United States,[],LEO,"{'reference_system': 'geocentric', 'regime': 'low-earth', 'longitude': None, 'semi_major_axis_km': None, 'eccentricity': None, 'periapsis_km': None, 'apoapsis_km': None, 'inclination_deg': None, 'period_min': None, 'lifespan_years': None, 'epoch': None, 'mean_motion': None, 'raan': None, 'arg_of_pericenter': None, 'mean_anomaly': None}",1668.0,False
91,GPIM,Satellite,,,['NASA'],,Ball Aerospace & Technologies Corp,,United States,[],LEO,"{'reference_system': 'geocentric', 'regime': 'low-earth', 'longitude': None, 'semi_major_axis_km': None, 'eccentricity': None, 'periapsis_km': None, 'apoapsis_km': None, 'inclination_deg': None, 'period_min': None, 'lifespan_years': None, 'epoch': None, 'mean_motion': None, 'raan': None, 'arg_of_pericenter': None, 'mean_anomaly': None}",180.0,False
92,Oculus-ASR,Satellite,,,['Michigan Tech'],,Michigan Tech,,United States,[44356],LEO,"{'reference_system': 'geocentric', 'regime': 'low-earth', 'longitude': None, 'semi_major_axis_km': 6913.573, 'eccentricity': 0.0342553, 'periapsis_km': 298.611, 'apoapsis_km': 772.264, 'inclination_deg': 28.5246, 'period_min': 95.348, 'lifespan_years': None, 'epoch': '2019-12-18T16:17:57.000Z', 'mean_motion': 15.10250201, 'raan': 123.1188, 'arg_of_pericenter': 187.8105, 'mean_anomaly': 171.705}",70.0,False
93,OTB 1,Satellite,,,['General Atomics'],,Surrey Satellite Technology-US LLC,,United States,[44341],LEO,"{'reference_system': 'geocentric', 'regime': 'low-earth', 'longitude': None, 'semi_major_axis_km': 7094.487, 'eccentricity': 0.0011888, 'periapsis_km': 707.918, 'apoapsis_km': 724.786, 'inclination_deg': 23.9994, 'period_min': 99.115, 'lifespan_years': None, 'epoch': '2019-12-19T12:55:14.000Z', 'mean_motion': 14.52851529, 'raan': 169.7326, 'arg_of_pericenter': 332.3359, 'mean_anomaly': 27.6538}",138.0,False
94,NPSAT 1,Satellite,,,['Naval Postgrad School'],,Naval Postgrad School,,United States,[44340],LEO,"{'reference_system': 'geocentric', 'regime': 'low-earth', 'longitude': None, 'semi_major_axis_km': 7094.764, 'eccentricity': 0.0011425, 'periapsis_km': 708.523, 'apoapsis_km': 724.735, 'inclination_deg': 24.0021, 'period_min': 99.121, 'lifespan_years': None, 'epoch': '2019-12-18T20:40:39.000Z', 'mean_motion': 14.52766436, 'raan': 174.17, 'arg_of_pericenter': 325.1338, 'mean_anomaly': 34.84}",86.0,False
95,Prox-1,Satellite,,,['Georgia Tech'],,Georgia Tech,,United States,[44339],LEO,"{'reference_system': 'geocentric', 'regime': 'low-earth', 'longitude': None, 'semi_major_axis_km': 7094.739, 'eccentricity': 0.0011535, 'periapsis_km': 708.42, 'apoapsis_km': 724.788, 'inclination_deg': 24.0011, 'period_min': 99.12, 'lifespan_years': None, 'epoch': '2019-12-18T19:14:57.000Z', 'mean_motion': 14.52774109, 'raan': 174.6722, 'arg_of_pericenter': 327.563, 'mean_anomaly': 32.4158}",71.0,False
96,LightSail-B,Satellite,,,['Planetary Society'],,Planetary Society,,United States,[44339],LEO,"{'reference_system': 'geocentric', 'regime': 'low-earth', 'longitude': None, 'semi_major_axis_km': None, 'eccentricity': None, 'periapsis_km': None, 'apoapsis_km': None, 'inclination_deg': None, 'period_min': None, 'lifespan_years': None, 'epoch': None, 'mean_motion': None, 'raan': None, 'arg_of_pericenter': None, 'mean_anomaly': None}",5.0,False
97,ARMADILLO,Satellite,,,['University of Texas'],,University of Texas,,United States,[],LEO,"{'reference_system': 'geocentric', 'regime': 'low-earth', 'longitude': None, 'semi_major_axis_km': None, 'eccentricity': None, 'periapsis_km': None, 'apoapsis_km': None, 'inclination_deg': None, 'period_min': None, 'lifespan_years': None, 'epoch': None, 'mean_motion': None, 'raan': None, 'arg_of_pericenter': None, 'mean_anomaly': None}",4.0,False
98,FalconSat 7,Satellite,,,['USAF Academy'],,USAF Academy,,United States,[],LEO,"{'reference_system': 'geocentric', 'regime': 'low-earth', 'longitude': None, 'semi_major_axis_km': None, 'eccentricity': None, 'periapsis_km': None, 'apoapsis_km': None, 'inclination_deg': None, 'period_min': None, 'lifespan_years': None, 'epoch': None, 'mean_motion': None, 'raan': None, 'arg_of_pericenter': None, 'mean_anomaly': None}",5.0,False
99,E-TBEx A & B,Satellite,,,['SRI International'],,SRI International,,United States,[],LEO,"{'reference_system': 'geocentric', 'regime': 'low-earth', 'longitude': None, 'semi_major_axis_km': None, 'eccentricity': None, 'periapsis_km': None, 'apoapsis_km': None, 'inclination_deg': None, 'period_min': None, 'lifespan_years': None, 'epoch': None, 'mean_motion': None, 'raan': None, 'arg_of_pericenter': None, 'mean_anomaly': None}",4.0,False
100,PSat 2,Satellite,,,['US Naval Academy'],,US Naval Academy,,United States,[44357],LEO,"{'reference_system': 'geocentric', 'regime': 'low-earth', 'longitude': None, 'semi_major_axis_km': 6944.154, 'eccentricity': 0.0378298, 'periapsis_km': 303.323, 'apoapsis_km': 828.715, 'inclination_deg': 28.5276, 'period_min': 95.981, 'lifespan_years': None, 'epoch': '2019-12-19T01:41:13.000Z', 'mean_motion': 15.00284904, 'raan': 128.3267, 'arg_of_pericenter': 179.4686, 'mean_anomaly': 180.6401}",2.0,False
101,BRICSat 2,Satellite,,,['US Naval Academy'],,US Naval Academy,,United States,[],LEO,"{'reference_system': 'geocentric', 'regime': 'low-earth', 'longitude': None, 'semi_major_axis_km': None, 'eccentricity': None, 'periapsis_km': None, 'apoapsis_km': None, 'inclination_deg': None, 'period_min': None, 'lifespan_years': None, 'epoch': None, 'mean_motion': None, 'raan': None, 'arg_of_pericenter': None, 'mean_anomaly': None}",1.0,False
102,TEPCE 1 & 2,Satellite,,,['Naval Research Lab'],,Naval Research Lab,,United States,[],LEO,"{'reference_system': 'geocentric', 'regime': 'low-earth', 'longitude': None, 'semi_major_axis_km': None, 'eccentricity': None, 'periapsis_km': None, 'apoapsis_km': None, 'inclination_deg': None, 'period_min': None, 'lifespan_years': None, 'epoch': None, 'mean_motion': None, 'raan': None, 'arg_of_pericenter': None, 'mean_anomaly': None}",1.5,False
103,CP9,Satellite,,,['Cal Poly'],,Cal Poly,,United States,[],LEO,"{'reference_system': 'geocentric', 'regime': 'low-earth', 'longitude': None, 'semi_major_axis_km': None, 'eccentricity': None, 'periapsis_km': None, 'apoapsis_km': None, 'inclination_deg': None, 'period_min': None, 'lifespan_years': None, 'epoch': None, 'mean_motion': None, 'raan': None, 'arg_of_pericenter': None, 'mean_anomaly': None}",1.5,False
104,StangSat,Satellite,,,['Merrit Island HS'],,Merrit Island HS,,United States,[],LEO,"{'reference_system': 'geocentric', 'regime': 'low-earth', 'longitude': None, 'semi_major_axis_km': None, 'eccentricity': None, 'periapsis_km': None, 'apoapsis_km': None, 'inclination_deg': None, 'period_min': None, 'lifespan_years': None, 'epoch': None, 'mean_motion': None, 'raan': None, 'arg_of_pericenter': None, 'mean_anomaly': None}",1.0,False
105,CRS-18,Dragon 1.1,C108,https://www.nasa.gov/sites/default/files/atoms/files/spacex_crs-18_mision_overview_high_res.pdf,['NASA (CRS)'],2665020.0,SpaceX,1224.7,United States,[44446],ISS,"{'reference_system': 'geocentric', 'regime': 'low-earth', 'longitude': None, 'semi_major_axis_km': 6783.699, 'eccentricity': 0.0012921, 'periapsis_km': 396.799, 'apoapsis_km': 414.329, 'inclination_deg': 51.6451, 'period_min': 92.674, 'lifespan_years': None, 'epoch': '2019-08-27T17:12:55.000Z', 'mean_motion': 15.53827763, 'raan': 6.4496, 'arg_of_pericenter': 282.6291, 'mean_anomaly': 225.0377}",2227.7,True
106,Amos-17,Satellite,,,['Spacecom'],,Boeing Satellite Systems,,Israel,[],GTO,"{'reference_system': 'geocentric', 'regime': 'geostationary', 'longitude': 17, 'semi_major_axis_km': None, 'eccentricity': None, 'periapsis_km': None, 'apoapsis_km': None, 'inclination_deg': None, 'period_min': None, 'lifespan_years': 15, 'epoch': None, 'mean_motion': None, 'raan': None, 'arg_of_pericenter': None, 'mean_anomaly': None}",6500.0,False
107,Starlink 2,Satellite,,,['SpaceX'],,SpaceX,,United States,[44713],VLEO,"{'reference_system': 'geocentric', 'regime': 'very-low-earth', 'longitude': None, 'semi_major_axis_km': 6728.072, 'eccentricity': 0.000251, 'periapsis_km': 348.248, 'apoapsis_km': 351.626, 'inclination_deg': 53.0084, 'period_min': 91.536, 'lifespan_years': None, 'epoch': '2019-12-19T22:00:00.000Z', 'mean_motion': 15.73137801, 'raan': 340.0751, 'arg_of_pericenter': 13.0281, 'mean_anomaly': 102.1366}",15600.0,False
108,CRS-19,Dragon 1.1,C106,,['NASA (CRS)'],,SpaceX,,United States,[44821],ISS,"{'reference_system': 'geocentric', 'regime': 'low-earth', 'longitude': None, 'semi_major_axis_km': 6794.51, 'eccentricity': 0.0007479, 'periapsis_km': 411.294, 'apoapsis_km': 421.457, 'inclination_deg': 51.6429, 'period_min': 92.895, 'lifespan_years': None, 'epoch': '2019-12-18T14:10:50.000Z', 'mean_motion': 15.50120604, 'raan': 167.1127, 'arg_of_pericenter': 50.0306, 'mean_anomaly': 57.7349}",5000.0,True
109,JCSat 18 / Kacific 1,Satellite,,,"['SKY Perfect JSAT Corporation', 'Kacific Broadband Satellites Pte Ltd']",,Boeing Satellite Systems,,Japan,[44868],GTO,"{'reference_system': 'geocentric', 'regime': 'geostationary', 'longitude': None, 'semi_major_axis_km': 16676.671, 'eccentricity': 0.6011126, 'periapsis_km': 273.979, 'apoapsis_km': 20323.093, 'inclination_deg': 26.9073, 'period_min': 357.21, 'lifespan_years': 15, 'epoch': '2019-12-18T21:17:43.000Z', 'mean_motion': 4.03124049, 'raan': 279.4476, 'arg_of_pericenter': 179.538, 'mean_anomaly': 181.6148}",6800.0,False
110,Starlink 3,Satellite,,,['SpaceX'],,SpaceX,,United States,[],VLEO,"{'reference_system': 'geocentric', 'regime': 'very-low-earth', 'longitude': None, 'semi_major_axis_km': None, 'eccentricity': None, 'periapsis_km': None, 'apoapsis_km': None, 'inclination_deg': None, 'period_min': None, 'lifespan_years': None, 'epoch': None, 'mean_motion': None, 'raan': None, 'arg_of_pericenter': None, 'mean_anomaly': None}",,False
111,Crew Dragon In Flight Abort Test,Crew Dragon,,,['NASA (CCtCap)'],,SpaceX,,United States,[],SO,"{'reference_system': 'geocentric', 'regime': 'sub-orbital', 'longitude': None, 'semi_major_axis_km': None, 'eccentricity': None, 'periapsis_km': None, 'apoapsis_km': None, 'inclination_deg': None, 'period_min': None, 'lifespan_years': None, 'epoch': None, 'mean_motion': None, 'raan': None, 'arg_of_pericenter': None, 'mean_anomaly': None}",,True
112,Starlink 3,Satellite,,,['SpaceX'],,SpaceX,,United States,[],VLEO,"{'reference_system': 'geocentric', 'regime': 'very-low-earth', 'longitude': None, 'semi_major_axis_km': None, 'eccentricity': None, 'periapsis_km': None, 'apoapsis_km': None, 'inclination_deg': None, 'period_min': None, 'lifespan_years': None, 'epoch': None, 'mean_motion': None, 'raan': None, 'arg_of_pericenter': None, 'mean_anomaly': None}",,False
113,Starlink 5,Satellite,,,['SpaceX'],,SpaceX,,United States,[],VLEO,"{'reference_system': 'geocentric', 'regime': 'very-low-earth', 'longitude': None, 'semi_major_axis_km': None, 'eccentricity': None, 'periapsis_km': None, 'apoapsis_km': None, 'inclination_deg': None, 'period_min': None, 'lifespan_years': None, 'epoch': None, 'mean_motion': None, 'raan': None, 'arg_of_pericenter': None, 'mean_anomaly': None}",,False
114,ANASIS-II,Satellite,,,['South Korea'],,South Korea,,South Korea,[],GEO,"{'reference_system': 'geocentric', 'regime': 'geosynchronous', 'longitude': None, 'semi_major_axis_km': None, 'eccentricity': None, 'periapsis_km': None, 'apoapsis_km': None, 'inclination_deg': None, 'period_min': None, 'lifespan_years': 15, 'epoch': None, 'mean_motion': None, 'raan': None, 'arg_of_pericenter': None, 'mean_anomaly': None}",,False
115,CCtCap Demo Mission 2,Crew Dragon,,,['NASA (CCtCap)'],,SpaceX,,United States,[],ISS,"{'reference_system': 'geocentric', 'regime': 'low-earth', 'longitude': None, 'semi_major_axis_km': None, 'eccentricity': None, 'periapsis_km': None, 'apoapsis_km': None, 'inclination_deg': None, 'period_min': None, 'lifespan_years': None, 'epoch': None, 'mean_motion': None, 'raan': None, 'arg_of_pericenter': None, 'mean_anomaly': None}",,False
116,GPS III SV03 (Columbus),Satellite,,,['USAF'],,Lockheed Martin,,United States,[],MEO,"{'reference_system': None, 'regime': None, 'longitude': None, 'semi_major_axis_km': None, 'eccentricity': None, 'periapsis_km': None, 'apoapsis_km': None, 'inclination_deg': None, 'period_min': None, 'lifespan_years': 15, 'epoch': None, 'mean_motion': None, 'raan': None, 'arg_of_pericenter': None, 'mean_anomaly': None}",3880.0,False
117,SAOCOM 1B,Satellite,,,['CONAE'],,,,Argentina,[],SSO,"{'reference_system': 'geocentric', 'regime': 'sun-synchronous', 'longitude': None, 'semi_major_axis_km': None, 'eccentricity': None, 'periapsis_km': None, 'apoapsis_km': None, 'inclination_deg': None, 'period_min': None, 'lifespan_years': None, 'epoch': None, 'mean_motion': None, 'raan': None, 'arg_of_pericenter': None, 'mean_anomaly': None}",1600.0,False
118,CRS-20,Dragon 1.1,,,['NASA (CRS)'],,SpaceX,,United States,[],ISS,"{'reference_system': 'geocentric', 'regime': 'low-earth', 'longitude': None, 'semi_major_axis_km': None, 'eccentricity': None, 'periapsis_km': None, 'apoapsis_km': None, 'inclination_deg': None, 'period_min': None, 'lifespan_years': None, 'epoch': None, 'mean_motion': None, 'raan': None, 'arg_of_pericenter': None, 'mean_anomaly': None}",,True
119,Smallsat SSO Rideshare 1 (Mission 1),Satellite,,,[],,,,,[],SSO,"{'reference_system': 'geocentric', 'regime': 'sun-synchronous', 'longitude': None, 'semi_major_axis_km': None, 'eccentricity': None, 'periapsis_km': None, 'apoapsis_km': None, 'inclination_deg': None, 'period_min': None, 'lifespan_years': None, 'epoch': None, 'mean_motion': None, 'raan': None, 'arg_of_pericenter': None, 'mean_anomaly': None}",,False
120,USCV-1 (NASA Crew Flight 1),Crew Dragon,,,['NASA (CCtCap)'],,SpaceX,,United States,[],ISS,"{'reference_system': 'geocentric', 'regime': 'low-earth', 'longitude': None, 'semi_major_axis_km': None, 'eccentricity': None, 'periapsis_km': None, 'apoapsis_km': None, 'inclination_deg': None, 'period_min': None, 'lifespan_years': None, 'epoch': None, 'mean_motion': None, 'raan': None, 'arg_of_pericenter': None, 'mean_anomaly': None}",,False
121,Turksat 5A,Satellite,,,['Turksat'],,Airbus Defence and Space,,Turkey,[],GTO,"{'reference_system': 'geocentric', 'regime': 'geostationary', 'longitude': None, 'semi_major_axis_km': None, 'eccentricity': None, 'periapsis_km': None, 'apoapsis_km': None, 'inclination_deg': None, 'period_min': None, 'lifespan_years': 15, 'epoch': None, 'mean_motion': None, 'raan': None, 'arg_of_pericenter': None, 'mean_anomaly': None}",,False
122,GPS III SV04,Satellite,,,['USAF'],,Lockheed Martin,,United States,[],MEO,"{'reference_system': 'geocentric', 'regime': 'semi-synchronous', 'longitude': None, 'semi_major_axis_km': None, 'eccentricity': None, 'periapsis_km': None, 'apoapsis_km': None, 'inclination_deg': None, 'period_min': None, 'lifespan_years': 15, 'epoch': None, 'mean_motion': None, 'raan': None, 'arg_of_pericenter': None, 'mean_anomaly': None}",,False
123,SXM-7,Satellite,,,['SiriusXM'],,SSL,,United States,[],GTO,"{'reference_system': 'geocentric', 'regime': 'geostationary', 'longitude': None, 'semi_major_axis_km': None, 'eccentricity': None, 'periapsis_km': None, 'apoapsis_km': None, 'inclination_deg': None, 'period_min': None, 'lifespan_years': 15, 'epoch': None, 'mean_motion': None, 'raan': None, 'arg_of_pericenter': None, 'mean_anomaly': None}",,False
124,SXM-8,Satellite,,,['SiriusXM'],,SSL,,United States,[],GTO,"{'reference_system': 'geocentric', 'regime': 'geostationary', 'longitude': None, 'semi_major_axis_km': None, 'eccentricity': None, 'periapsis_km': None, 'apoapsis_km': None, 'inclination_deg': None, 'period_min': None, 'lifespan_years': 15, 'epoch': None, 'mean_motion': None, 'raan': None, 'arg_of_pericenter': None, 'mean_anomaly': None}",,False
125,CRS-21,Dragon 1.1,,,['NASA (CRS)'],,SpaceX,,United States,[],ISS,"{'reference_system': 'geocentric', 'regime': 'low-earth', 'longitude': None, 'semi_major_axis_km': None, 'eccentricity': None, 'periapsis_km': None, 'apoapsis_km': None, 'inclination_deg': None, 'period_min': None, 'lifespan_years': None, 'epoch': None, 'mean_motion': None, 'raan': None, 'arg_of_pericenter': None, 'mean_anomaly': None}",,True
126,GPS SV05,Satellite,,,['USAF'],,Lockheed Martin,,United States,[],MEO,"{'reference_system': 'geocentric', 'regime': 'semi-synchronous', 'longitude': None, 'semi_major_axis_km': None, 'eccentricity': None, 'periapsis_km': None, 'apoapsis_km': None, 'inclination_deg': None, 'period_min': None, 'lifespan_years': 15, 'epoch': None, 'mean_motion': None, 'raan': None, 'arg_of_pericenter': None, 'mean_anomaly': None}",,False
127,Smallsat SSO Rideshare 2 (Mission 9),Satellite,,,['SpaceX'],,SpaceX,,United States,[],VLEO,"{'reference_system': 'geocentric', 'regime': 'very-low-earth', 'longitude': None, 'semi_major_axis_km': None, 'eccentricity': None, 'periapsis_km': None, 'apoapsis_km': None, 'inclination_deg': None, 'period_min': None, 'lifespan_years': None, 'epoch': None, 'mean_motion': None, 'raan': None, 'arg_of_pericenter': None, 'mean_anomaly': None}",,False
